LeBron James,,,
Kevin Durant,,,
Kyrie Irving,,,
Kawhi Leonard,,,
James Harden,,,
Anthony Davis,,,
Ben Simmons,,,
Damian Lillard,,,
Bradley Beal,,,
Klay Thompson,,,
LaMarcus Aldridge,,,
Karl-Anthony Towns,,,
Dwyane Wade,,,
Giannis Antetokounmpo,,,
Stephen Curry,,,
Joel Embiid,,,
Paul George,,,
Kemba Walker,,,
Khris Middleton,,,
Nikola Jokic,,,
Blake Griffin,,,
Russell Westbrook,,,
D'Angelo Russell,,,
Nikola Vucevic,,,
Kyle Lowry,,,
Dirk Nowitzki,,,
Kyrie Irving,,,
Kevin Durant,,,
Lebron James,,,
DeMarcus Cousins,,,
Anthony Davis,,,
Bradley Beal,,,
LaMarcus Aldridge,,,
Kevin Love,,,
Russell Westbrook,,,
Victor Oladipo,,,
Kristaps Porzingis,,,
John Wall,,,
Andre Drummond,,,
Goran Dragic,,,
Kemba Walker,,,
Paul George,,,
Stephen Curry,,,
James Harden,,,
DeMar DeRozan,,,
Giannis Anteto.,,,
Joel Embiid,,,
Al Horford,,,
Jimmy Butler,,,
Draymond Green,,,
Damian Lillard,,,
Klay Thompson,,,
Karl-Anthony Towns,,,
Kyle Lowry,,,
Kyrie Irving,,,
DeMar DeRozan,,,
Lebron James,,,
Giannis Anteto.,,,
Jimmy Butler,,,
Isaiah Thomas,,,
Kyle Lowry,,,
Kemba Walker,,,
Paul George,,,
Kevin Love,,,
Paul Millsap,,,
John Wall,,,
Carmelo Anthony,,,
Stephen Curry,,,
James Harden,,,
Kevin Durant,,,
Kawhi Leonard,,,
Anthony Davis,,,
Russell Westbrook,,,
Klay Thompson,,,
Gordon Hayward,,,
DeMarcus Cousins,,,
Draymond Green,,,
DeAndre Jordan,,,
Marc Gasol,,,
Kyle Lowry,,,
Dwyane Wade,,,
Lebron James,,,
Paul George,,,
Carmelo Anthony,,,
John Wall,,,
Isiah Thomas,,,
Jimmy Butler,,,
DeMar DeRozan,,,
Paul Millsap,,,
Chris Bosh,,,
Andre Drummond,,,
Pau Gasol,,,
Al Horford,,,
Stephen Curry,,,
Russell Westbrook,,,
Kobe Bryant,,,
Kevin Durant,,,
Kawhi Leonard,,,
Chris Paul,,,
James Harden,,,
Klay Thompson,,,
Draymond Green,,,
Anthony Davis,,,
LaMarcus Aldridge,,,
DeMarcus Cousins,,,
John Wall,,,
Kyle Lowry,,,
Lebron James,,,
Carmelo Anthony,,,
Pau Gasol,,,
Chris Bosh,,,
Dwyane Wade,,,
Paul Millsap,,,
Kyrie Irving,,,
Al Horford,,,
Jimmy Butler,,,
Jeff Teague,,,
Kyle Korver,,,
Stephen Curry,,,
Kobe Bryant,,,
Anthony Davis,,,
Blake Griffin,,,
Marc Gasol,,,
LaMarcus Aldridge,,,
Tim Duncan,,,
James Harden,,,
Kevin Durant,,,
Chris Paul,,,
Russell Westbrook,,,
Klay Thompson,,,
DeMarcus Cousins,,,
Damian Lillard,,,
Dirk Nowitzki,,,
Kyrie Irving,,,
Dwyane Wade,,,
Paul George,,,
Carmelo Anthony,,,
Lebron James,,,
John Wall,,,
DeMar DeRozan,,,
Joe Johnson,,,
Chris Bosh,,,
Roy Hibbert,,,
Paul Millsap,,,
Joakim Noah,,,
Stephen Curry,,,
Kobe Bryant,,,
Kevin Durant,,,
Blake Griffin,,,
Kevin Love,,,
Chris Paul,,,
James Harden,,,
LaMarcus Aldridge,,,
Dwight Howard,,,
Tony Parker,,,
Damian Lillard,,,
Dirk Nowitzki,,,
Anthony Davis,,,
Rajon Rondo,,,
Dwyane Wade,,,
Lebron James,,,
Carmelo Anthony,,,
Kevin Garnett,,,
Chris Bosh,,,
Tyson Chandler,,,
Luol Deng,,,
Paul George,,,
Jrue Holiday,,,
Kyrie Irving,,,
Joakim Noah,,,
Chris Paul,,,
Kobe Bryant,,,
Kevin Durant,,,
Blake Griffin,,,
Dwight Howard,,,
LaMarcus Aldridge,,,
Tim Duncan,,,
James Harden,,,
David Lee,,,
Tony Parker,,,
Zach Randolph,,,
Russell Westbrook,,,
Lebron James,,,
Carmelo Anthony,,,
Dwight Howard,,,
Derrick Rose,,,
Dwyane Wade,,,
Chris Bosh,,,
Roy Hibbert,,,
Paul Pierce,,,
Deron Williams,,,
Luol Deng,,,
Andre Iguodala,,,
Rajon Rondo,,,
Joe Johnson,,,
Kevin Durant,,,
Blake Griffin,,,
Andrew Bynum,,,
Kobe Bryant,,,
Chris Paul,,,
Kevin Love,,,
Russell Westbrook,,,
Dirk Nowtzki,,,
Marc Gasol,,,
LaMarcus Aldridge,,,
Tony Parker,,,
Steve Nash,,,
Lebron James,,,
Amar’e Stoudemire,,,
Dwight Howard,,,
Derrick Rose,,,
Dwyane Wade,,,
Chris Bosh,,,
Ray Allen,,,
Paul Pierce,,,
Rajon Rondo,,,
Kevin Garnett,,,
Al Horford,,,
Joe Johnson,,,
Kevin Durant,,,
Carmelo Anthony,,,
Yao Ming,,,
Kobe Bryant,,,
Chris Paul,,,
Pau Gasol,,,
Russell Westbrook,,,
Dirk Nowitzki,,,
Tim Duncan,,,
Manu Ginobili,,,
Deron Williams,,,
Blake Griffin,,,
Kevin Love,,,
Lebron James,,,
Kevin Garnett,,,
Dwight Howard,,,
Allen Iverson,,,
Dwyane Wade,,,
Joe Johnson,,,
Derrick Rose,,,
Paul Pierce,,,
Rajon Rondo,,,
Gerald Wallace,,,
Al Horford,,,
Chris Bosh,,,
David Lee,,,
Amare Stoudemire,,,
Tim Duncan,,,
Carmelo Anthony,,,
Kobe Bryant,,,
Steve Nash,,,
Pau Gasol,,,
Kevin Durant,,,
Dirk Nowitzki,,,
Brandon Roy,,,
Chris Paul,,,
Deron Williams,,,
Zach Randolph,,,
Chauncey Billups,,,
Chris Kaman,,,
Jason Kidd,,,